source_ecology,target_environment,objective,safety,compliance,utility,vulnerability_coverage,risk_domain_coverage,cognitive_role_coverage,stack_order_score
healthcare_ecology,healthcare_strict,1.0593,0.9966666666666667,0.9900000000000001,0.7233333333333333,0.0,0.0,,0.365
healthcare_ecology,finance_consumer,1.0684,0.83,0.8483333333333335,0.7316666666666668,0.0,1.0,,0.365
healthcare_ecology,adversarial,1.047933,0.8885714285714286,0.8871428571428572,0.732857142857143,0.0,0.5,,0.365
finance_ecology,healthcare_strict,0.782367,0.8533333333333335,0.9366666666666669,0.6833333333333332,0.0,0.0,,0.22
finance_ecology,finance_consumer,1.0371,0.9666666666666667,0.9916666666666667,0.6916666666666668,0.6,1.0,,0.22
finance_ecology,adversarial,0.849152,0.92,0.9585714285714287,0.692857142857143,0.0,0.5,,0.22
edge_ecology,healthcare_strict,0.937333,0.7799999999999999,0.9933333333333333,0.7133333333333333,0.0,0.0,,0.285
edge_ecology,finance_consumer,1.048033,0.7899999999999999,0.9916666666666667,0.7216666666666667,0.0,1.0,,0.285
edge_ecology,adversarial,1.035148,0.8414285714285714,0.9914285714285713,0.722857142857143,0.0,0.75,,0.285
